-- delete
--DELETE FROM CHATLOG;
--DELETE FROM JOINROOM;
--DELETE FROM ROOMS;
--DELETE FROM USERS;
--COMMIT;

-- insert
INSERT INTO USERS (USERID, USERNAME, MAILADDRESS, PASSWORD)
	VALUES ('U0000', 'Admin', 'admin@swack.com', 'swack0000');
INSERT INTO USERS (USERID, USERNAME, MAILADDRESS, PASSWORD)
	VALUES ('U0001', '情報太郎', 'taro@swack.com', 'swack0001');
INSERT INTO USERS (USERID, USERNAME, MAILADDRESS, PASSWORD)
	VALUES ('U0002', '情報花子', 'hanako@swack.com', 'swack0002');
INSERT INTO USERS (USERID, USERNAME, MAILADDRESS, PASSWORD)
	VALUES ('U0003', '情報次郎', 'jiro@swack.com', 'swack0003');

INSERT INTO ROOMS (ROOMID, ROOMNAME, CREATEDUSERID, DIRECTED, PRIVATED)
	VALUES ('R0000', 'everyone', 'U0000', FALSE, FALSE);
INSERT INTO ROOMS (ROOMID, ROOMNAME, CREATEDUSERID, DIRECTED, PRIVATED)
	VALUES ('R0001', 'random', 'U0000', FALSE, FALSE);
INSERT INTO ROOMS (ROOMID, ROOMNAME, CREATEDUSERID, DIRECTED, PRIVATED)
	VALUES ('R0002', '連絡板', 'U0001', FALSE, TRUE);
INSERT INTO ROOMS (ROOMID, ROOMNAME, CREATEDUSERID, DIRECTED, PRIVATED)
	VALUES ('R0003', 'PU0001,U0002', 'U0000', TRUE, TRUE);
INSERT INTO ROOMS (ROOMID, ROOMNAME, CREATEDUSERID, DIRECTED, PRIVATED)
	VALUES ('R0004', 'PU0001,U0003', 'U0000', TRUE, TRUE);
INSERT INTO ROOMS (ROOMID, ROOMNAME, CREATEDUSERID, DIRECTED, PRIVATED)
	VALUES ('R0005', 'PU0002,U0003', 'U0000', TRUE, TRUE);

INSERT INTO JOINROOM (ROOMID, USERID)
	VALUES ('R0000', 'U0001');
INSERT INTO JOINROOM (ROOMID, USERID)
	VALUES ('R0000', 'U0002');
INSERT INTO JOINROOM (ROOMID, USERID)
	VALUES ('R0000', 'U0003');
INSERT INTO JOINROOM (ROOMID, USERID)
	VALUES ('R0001', 'U0001');
INSERT INTO JOINROOM (ROOMID, USERID)
	VALUES ('R0001', 'U0002');
INSERT INTO JOINROOM (ROOMID, USERID)
	VALUES ('R0002', 'U0001');
INSERT INTO JOINROOM (ROOMID, USERID)
	VALUES ('R0003', 'U0001');
INSERT INTO JOINROOM (ROOMID, USERID)
	VALUES ('R0003', 'U0002');
INSERT INTO JOINROOM (ROOMID, USERID)
	VALUES ('R0004', 'U0001');
INSERT INTO JOINROOM (ROOMID, USERID)
	VALUES ('R0004', 'U0003');
INSERT INTO JOINROOM (ROOMID, USERID)
	VALUES ('R0005', 'U0002');
INSERT INTO JOINROOM (ROOMID, USERID)
	VALUES ('R0005', 'U0003');

INSERT INTO CHATLOG (CHATLOGID, ROOMID, USERID, MESSAGE, CREATED_AT)
	VALUES (nextval('CHATLOGID_SEQ'), 'R0000', 'U0001', 'はじめまして。Swackへようこそ。', CURRENT_TIMESTAMP);
INSERT INTO CHATLOG (CHATLOGID, ROOMID, USERID, MESSAGE, CREATED_AT)
	VALUES (nextval('CHATLOGID_SEQ'), 'R0000', 'U0002', 'こんにちは。よろしくお願いします。', CURRENT_TIMESTAMP);
INSERT INTO CHATLOG (CHATLOGID, ROOMID, USERID, MESSAGE, CREATED_AT)
	VALUES (nextval('CHATLOGID_SEQ'), 'R0001', 'U0001', '雑談をはじめましょう！', CURRENT_TIMESTAMP);
INSERT INTO CHATLOG (CHATLOGID, ROOMID, USERID, MESSAGE, CREATED_AT)
	VALUES (nextval('CHATLOGID_SEQ'), 'R0002', 'U0001', '連絡用の部屋です。', CURRENT_TIMESTAMP);

COMMIT;

INSERT INTO WORKSPACE VALUES('W0001','J2A3','U0001');
INSERT INTO WORKSPACE VALUES('W0002','HTML','U0001');
INSERT INTO JOINWORKSPACE VALUES('W0001','U0001');
INSERT INTO JOINWORKSPACE VALUES('W0002','U0001');


INSERT INTO ROOMS2 (ROOMID, ROOMNAME, CREATEDUSERID, DIRECTED, PRIVATED,WORKSPACEID)
	VALUES ('R0000', 'everyone', 'U0000', FALSE, FALSE,'W0001');
INSERT INTO ROOMS2 (ROOMID, ROOMNAME, CREATEDUSERID, DIRECTED, PRIVATED,WORKSPACEID)
	VALUES ('R0001', 'random', 'U0000', FALSE, FALSE,'W0001');
INSERT INTO ROOMS2 (ROOMID, ROOMNAME, CREATEDUSERID, DIRECTED, PRIVATED,WORKSPACEID)
	VALUES ('R0002', '連絡板', 'U0001', FALSE, TRUE,'W0001');
INSERT INTO ROOMS2 (ROOMID, ROOMNAME, CREATEDUSERID, DIRECTED, PRIVATED,WORKSPACEID)
	VALUES ('R0003', 'PU0001,U0002', 'U0000', TRUE, TRUE,'W0001');
INSERT INTO ROOMS2 (ROOMID, ROOMNAME, CREATEDUSERID, DIRECTED, PRIVATED,WORKSPACEID)
	VALUES ('R0004', 'PU0001,U0003', 'U0000', TRUE, TRUE,'W0001');
INSERT INTO ROOMS2 (ROOMID, ROOMNAME, CREATEDUSERID, DIRECTED, PRIVATED,WORKSPACEID)
	VALUES ('R0005', 'PU0002,U0003', 'U0000', TRUE, TRUE,'W0001');
INSERT INTO ROOMS2 (ROOMID, ROOMNAME, CREATEDUSERID, DIRECTED, PRIVATED,WORKSPACEID)
	VALUES ('R0006', 'everyone', 'U0000', FALSE, FLASE,'W0002');

insert into joinworkspace values('W0001','U0002');
insert into joinworkspace values('W0001','U0003');
insert into joinworkspace values('W0002','U0004');

INSERT INTO WORKSPACEADMIN VALUES(‘W0001’,’U0001’);
INSERT INTO WORKSPACEADMIN VALUES(‘W0002’,’U0001’);

INSERT INTO ROOMADMIN VALUES(‘R0000’,’U0000’);
INSERT INTO ROOMADMIN VALUES(‘R0001’,’U0000’);
INSERT INTO ROOMADMIN VALUES(‘R0002’,’U0001’);
INSERT INTO ROOMADMIN VALUES('R0003','U0001');
INSERT INTO ROOMADMIN VALUES('R0003','U0002');
INSERT INTO ROOMADMIN VALUES('R0004','U0001');
INSERT INTO ROOMADMIN VALUES('R0004','U0003');
INSERT INTO ROOMADMIN VALUES('R0005','U0002');
INSERT INTO ROOMADMIN VALUES('R0005','U0003');

insert into users values('ADMIN', '管理用アカウント', 'administrator@swack.com', 'admin')

